{"stats":{"minecraft:killed":{"minecraft:skeleton":5,"minecraft:spider":5,"minecraft:warden":21,"minecraft:zombie":9,"minecraft:witch":1,"minecraft:slime":147,"minecraft:creeper":8,"minecraft:enderman":1},"minecraft:dropped":{"slashblade:slashblade":1},"minecraft:picked_up":{"minecraft:sculk_catalyst":9,"minecraft:arrow":4,"minecraft:bone":1,"minecraft:slime_ball":44,"slashblade:slashblade":1,"minecraft:gunpowder":1,"minecraft:string":5},"minecraft:used":{"minecraft:warden_spawn_egg":24,"minecraft:anvil":1,"slashblade:slashblade":460,"slashblade:bladestand_v":3},"minecraft:custom":{"minecraft:time_since_rest":40403,"minecraft:crouch_one_cm":12051,"minecraft:play_time":40403,"minecraft:sprint_one_cm":175907,"minecraft:walk_one_cm":870683,"minecraft:sneak_time":999,"minecraft:mob_kills":197,"minecraft:interact_with_anvil":1,"minecraft:sword_summoned":29,"minecraft:drop":1,"minecraft:jump":63,"minecraft:damage_dealt":112027,"minecraft:leave_game":10,"minecraft:time_since_death":40403,"minecraft:total_world_time":44997,"minecraft:fly_one_cm":270259}},"DataVersion":3465}