{
  "minecraft:recipes/decorations/crafting_table": {
    "criteria": {
      "unlock_right_away": "2025-05-13 17:45:58 +0800"
    },
    "done": true
  },
  "minecraft:adventure/adventuring_time": {
    "criteria": {
      "minecraft:plains": "2025-05-13 17:46:21 +0800"
    },
    "done": false
  },
  "slashblade:recipes/combat/muramasa": {
    "criteria": {
      "has_slashblade": "2025-05-13 17:46:27 +0800"
    },
    "done": true
  },
  "slashblade:movesets": {
    "criteria": {
      "crafting": "2025-05-13 17:46:27 +0800"
    },
    "done": true
  },
  "slashblade:recipes/combat/yuzukitukumo": {
    "criteria": {
      "has_slashblade": "2025-05-13 17:46:27 +0800"
    },
    "done": true
  },
  "slashblade:arts/judgement_cut_just": {
    "criteria": {
      "customtrigger": "2025-05-13 17:46:37 +0800"
    },
    "done": true
  },
  "slashblade:arts/quick_charge": {
    "criteria": {
      "customtrigger": "2025-05-13 17:46:37 +0800"
    },
    "done": true
  },
  "slashblade:arts/aerial_a": {
    "criteria": {
      "customtrigger": "2025-05-13 17:48:15 +0800"
    },
    "done": true
  },
  "slashblade:arts/aerial_b": {
    "criteria": {
      "customtrigger": "2025-05-13 17:48:21 +0800"
    },
    "done": true
  },
  "slashblade:material/proudsoul_tiny": {
    "criteria": {
      "BrokenBlade": "2025-05-13 17:48:26 +0800"
    },
    "done": true
  },
  "minecraft:adventure/root": {
    "criteria": {
      "killed_something": "2025-05-13 17:48:26 +0800"
    },
    "done": true
  },
  "minecraft:adventure/kill_all_mobs": {
    "criteria": {
      "minecraft:skeleton": "2025-05-13 22:57:09 +0800",
      "minecraft:spider": "2025-05-13 22:48:04 +0800",
      "minecraft:creeper": "2025-05-13 22:48:06 +0800",
      "minecraft:slime": "2025-05-13 17:48:26 +0800",
      "minecraft:witch": "2025-05-13 22:57:09 +0800",
      "minecraft:enderman": "2025-05-13 23:06:38 +0800",
      "minecraft:zombie": "2025-05-13 22:48:26 +0800"
    },
    "done": false
  },
  "minecraft:adventure/kill_a_mob": {
    "criteria": {
      "minecraft:slime": "2025-05-13 17:48:26 +0800"
    },
    "done": true
  },
  "slashblade:root": {
    "criteria": {
      "attackTheEntity": "2025-05-13 17:48:26 +0800"
    },
    "done": true
  },
  "minecraft:recipes/redstone/sticky_piston": {
    "criteria": {
      "has_slime_ball": "2025-05-13 17:48:57 +0800"
    },
    "done": true
  },
  "minecraft:recipes/redstone/slime_block": {
    "criteria": {
      "has_slime_ball": "2025-05-13 17:48:57 +0800"
    },
    "done": true
  },
  "minecraft:recipes/tools/lead": {
    "criteria": {
      "has_slime_ball": "2025-05-13 17:48:57 +0800"
    },
    "done": true
  },
  "slashblade:arts/rapid_slash": {
    "criteria": {
      "customtrigger": "2025-05-13 17:48:58 +0800"
    },
    "done": true
  },
  "slashblade:arts/shooting/summonedswords": {
    "criteria": {
      "customtrigger": "2025-05-13 17:49:06 +0800"
    },
    "done": true
  },
  "slashblade:arts/aerial_cleave": {
    "criteria": {
      "customtrigger": "2025-05-13 17:49:08 +0800"
    },
    "done": true
  },
  "slashblade:arts/judgement_cut": {
    "criteria": {
      "customtrigger": "2025-05-13 17:49:16 +0800"
    },
    "done": true
  },
  "slashblade:arts/combo_c": {
    "criteria": {
      "customtrigger": "2025-05-13 17:49:53 +0800"
    },
    "done": true
  },
  "slashblade:arts/combo_a": {
    "criteria": {
      "customtrigger": "2025-05-13 17:49:56 +0800"
    },
    "done": true
  },
  "slashblade:abilities/enemy_step": {
    "criteria": {
      "customtrigger": "2025-05-13 17:52:55 +0800"
    },
    "done": true
  },
  "slashblade:recipes/combat/yamato_fix": {
    "criteria": {
      "has_proudsoul_sphere": "2025-05-13 22:09:44 +0800"
    },
    "done": true
  },
  "slashblade:material/proudsoul_sphere": {
    "criteria": {
      "BrokenBlade": "2025-05-13 22:09:44 +0800"
    },
    "done": true
  },
  "slashblade:recipes/combat/doutanuki": {
    "criteria": {
      "has_proudsoul_sphere": "2025-05-13 22:09:44 +0800"
    },
    "done": true
  },
  "slashblade:recipes/combat/orotiagito": {
    "criteria": {
      "has_proudsoul_sphere": "2025-05-13 22:09:44 +0800"
    },
    "done": true
  },
  "minecraft:recipes/combat/bow": {
    "criteria": {
      "has_string": "2025-05-13 22:57:24 +0800"
    },
    "done": true
  },
  "minecraft:recipes/tools/fishing_rod": {
    "criteria": {
      "has_string": "2025-05-13 22:57:24 +0800"
    },
    "done": true
  },
  "minecraft:recipes/decorations/chest": {
    "criteria": {
      "has_lots_of_items": "2025-05-13 22:57:24 +0800"
    },
    "done": true
  },
  "minecraft:recipes/building_blocks/white_wool_from_string": {
    "criteria": {
      "has_string": "2025-05-13 22:57:24 +0800"
    },
    "done": true
  },
  "minecraft:recipes/redstone/tripwire_hook": {
    "criteria": {
      "has_string": "2025-05-13 22:57:24 +0800"
    },
    "done": true
  },
  "minecraft:recipes/combat/crossbow": {
    "criteria": {
      "has_string": "2025-05-13 22:57:24 +0800"
    },
    "done": true
  },
  "minecraft:recipes/decorations/candle": {
    "criteria": {
      "has_string": "2025-05-13 22:57:24 +0800"
    },
    "done": true
  },
  "minecraft:recipes/decorations/loom": {
    "criteria": {
      "has_string": "2025-05-13 22:57:24 +0800"
    },
    "done": true
  },
  "minecraft:recipes/misc/bone_meal": {
    "criteria": {
      "has_bone": "2025-05-13 23:06:13 +0800"
    },
    "done": true
  },
  "slashblade:recipes/combat/sabigatana": {
    "criteria": {
      "has_proudsoul_ingot": "2025-05-13 23:06:20 +0800"
    },
    "done": true
  },
  "slashblade:material/proudsoul_ingot": {
    "criteria": {
      "BrokenBlade": "2025-05-13 23:06:20 +0800"
    },
    "done": true
  },
  "minecraft:recipes/misc/firework_rocket_simple": {
    "criteria": {
      "has_gunpowder": "2025-05-13 23:07:14 +0800"
    },
    "done": true
  },
  "minecraft:recipes/redstone/tnt": {
    "criteria": {
      "has_gunpowder": "2025-05-13 23:07:14 +0800"
    },
    "done": true
  },
  "slashblade:arts/shooting/spiral_swords": {
    "criteria": {
      "customtrigger": "2025-05-13 23:07:28 +0800"
    },
    "done": true
  },
  "slashblade:arts/rising_star": {
    "criteria": {
      "customtrigger": "2025-05-13 23:07:46 +0800"
    },
    "done": true
  },
  "slashblade:arts/upperslash": {
    "criteria": {
      "customtrigger": "2025-05-13 23:32:48 +0800"
    },
    "done": true
  },
  "DataVersion": 3465
}